image,link,price,titile
https://www.village-bd.com/uploads/product/mini_list/Gigabyte GeForce® GTX 1050 Ti OC 4G-1.jpg,https://www.village-bd.com/gigabyte-gtx-1050-ti-oc-4gb-ddr5-graphics-card,"৳ 17,500",Gigabyte GTX 1050 Ti OC 4GB DDR5 Graphics Card
https://www.village-bd.com/uploads/product/mini_list/sapphire r7 240 1gb ddr5 2-500x500.jpg,https://www.village-bd.com/sapphire-r7-240-1gb-ddr5-graphics-card,"৳ 5,500",Sapphire R7 240 1GB DDR5 Graphics Card
https://www.village-bd.com/uploads/product/mini_list/gigabyte-nvidia-geforce-gt-1030-oc-2gb-ddr5-graphics-card-1563968296.jpg,https://www.village-bd.com/gigabyte-nvidia-geforce-gt-1030-oc-2gb-ddr5-graphics-card,"৳ 8,400",Gigabyte NVIDIA GeForce GT 1030 OC 2GB DDR5 Graphics Card
https://www.village-bd.com/uploads/product/mini_list/gigabyte-geforce-rtx-2070-aorus-xtreme-8gb-gddr6-graphics-card-1564049750.jpg,https://www.village-bd.com/gigabyte-geforce-rtx-2070-aorus-xtreme-8gb-gddr6-graphics-card,"৳ 65,000",Gigabyte GeForce RTX 2070 AORUS XTREME 8GB GDDR6 Graphics Card
https://www.village-bd.com/uploads/product/mini_list/Zotac GeForce GT 710 2GB A.jpg,https://www.village-bd.com/zotac-geforce-gt-710-2gb-ddr3-graphics-card,"৳ 4,350",ZOTAC GeForce GT 710 2GB DDR3 Graphics Card
https://www.village-bd.com/uploads/product/mini_list/GV-RX570AORUS-4GB.jpg,https://www.village-bd.com/gigabyte-amd-radeon-rx570-aorus-4gb-ddr5-graphics-card,"৳ 28,800",Gigabyte AMD Radeon RX570 Aorus 4GB DDR5 Graphics Card
https://www.village-bd.com/uploads/product/mini_list/ZOTAC GeForce GT 730 LP 2GB 902-1-500x500.jpg,https://www.village-bd.com/zotac-geforce-gt-730-2gb-ddr5-graphics-card,"৳ 5,800",ZOTAC GeForce GT 730 2GB DDR5 Graphics Card
https://www.village-bd.com/uploads/product/mini_list/z1-500x500.jpg,https://www.village-bd.com/zotac-geforce-gt-1030-2gb-ddr5-graphics-card,"৳ 8,200",ZOTAC GeForce GT 1030 2GB DDR5 Graphics Card
https://www.village-bd.com/uploads/product/mini_list/sapphire-nitro-radeon-rx-570-8g-gddr5-graphics-card-1562144398.jpg,https://www.village-bd.com/sapphire-nitro-radeon-rx-570-8gb-gddr5-graphics-card,"৳ 19,000",SAPPHIRE NITRO+ RADEON RX 570 8GB GDDR5 Graphics Card
https://www.village-bd.com/uploads/product/mini_list/PH-GTX1050 4gb.jpg,https://www.village-bd.com/asus-ph-gtx1050ti-4g-4gb-ddr-5-graphics-card,"৳ 16,950",ASUS PH-GTX1050TI-4G 4GB DDR-5 Graphics Card
https://www.village-bd.com/uploads/product/mini_list/gigabyte-geforce-gtx-1650-oc-4gb-ddr5-graphics-card-1563973003.jpg,https://www.village-bd.com/gigabyte-geforce-gtx-1650-oc-4gb-ddr5-graphics-card,"৳ 18,000",Gigabyte GeForce GTX 1650 OC 4GB DDR5 Graphics Card
https://www.village-bd.com/uploads/product/mini_list/gigabyte-geforce-gtx-1650-windforce-oc-4gb-ddr5-graphics-card-1563973752.jpg,https://www.village-bd.com/gigabyte-geforce-gtx-1650-windforce-oc-4gb-ddr5-graphics-card,"৳ 18,500",Gigabyte GeForce GTX 1650 WINDFORCE OC 4GB DDR5 Graphics Card
https://www.village-bd.com/uploads/product/mini_list/gigabyte-geforce-gtx-1650-gaming-oc-4gb-ddr5-graphics-card-1563974443.jpg,https://www.village-bd.com/gigabyte-geforce-gtx-1650-gaming-oc-4gb-ddr5-graphics-card,"৳ 21,000",Gigabyte GeForce GTX 1650 GAMING OC 4GB DDR5 Graphics Card
https://www.village-bd.com/uploads/product/mini_list/gigabyte-geforce-gtx-1660-oc-6gb-ddr5-graphics-card-1563975285.jpg,https://www.village-bd.com/gigabyte-geforce-gtx-1660-oc-6gb-ddr5-graphics-card,"৳ 23,000",Gigabyte GeForce GTX 1660 OC 6GB DDR5 Graphics Card
https://www.village-bd.com/uploads/product/mini_list/gigabyte-geforce-gtx-1660-gaming-oc-6gb-gddr5-graphics-card-1563975921.jpg,https://www.village-bd.com/gigabyte-geforce-gtx-1660-gaming-oc-6gb-gddr5-graphics-card,"৳ 29,000",Gigabyte GeForce GTX 1660 GAMING OC 6GB GDDR5 Graphics Card
https://www.village-bd.com/uploads/product/mini_list/Asus Rog Strix Radeon RX 580 O8G Gaming OC Edition GDDR5 Graphics Card.jpg,https://www.village-bd.com/asus-rog-strix-radeon-rx580-o8g-gaming-oc-edition-gddr5-graphics-card,"৳ 27,000",Asus Rog Strix Radeon RX580 O8G Gaming OC Edition GDDR5 Graphics Card
https://www.village-bd.com/uploads/product/mini_list/gigabyte-aorus-radeon-rx-580-8g-8gb.jpg,https://www.village-bd.com/gigabyte-aorus-radeon-rx-580-8g-8gb-gddr5-graphics-card,"৳ 34,000",Gigabyte AORUS Radeon RX 580 8G 8GB GDDR5 Graphics Card
https://www.village-bd.com/uploads/product/mini_list/gigabyte-geforce-gtx-1660-gaming-6gb-ddr5-graphics-card-1564034852.jpg,https://www.village-bd.com/gigabyte-geforce-gtx-1660-gaming-6gb-ddr5-graphics-card,"৳ 25,500",Gigabyte GeForce GTX 1660 GAMING 6GB DDR5 Graphics Card
https://www.village-bd.com/uploads/product/mini_list/gigabyte-geforce-gtx-1660-ti-oc-6gb-ddr5-graphics-card-1564035789.jpg,https://www.village-bd.com/gigabyte-geforce-gtx-1660-ti-oc-6gb-ddr6-graphics-card,"৳ 29,500",Gigabyte GeForce GTX 1660 Ti OC 6GB DDR6 Graphics Card
https://www.village-bd.com/uploads/product/mini_list/gigabyte-geforce-gtx-1660-ti-windforce-oc-6gb-ddr6-graphics-card-1564036988.jpg,https://www.village-bd.com/gigabyte-geforce-gtx-1660-ti-windforce-oc-6gb-ddr6-graphics-card,"৳ 30,500",Gigabyte GeForce GTX 1660 Ti WINDFORCE OC 6GB DDR6 Graphics Card
https://www.village-bd.com/uploads/product/mini_list/gigabyte-geforce-gtx-1660-ti-gaming-oc-6gb-ddr6-graphics-card-1564037866.jpg,https://www.village-bd.com/gigabyte-geforce-gtx-1660-ti-gaming-oc-6gb-ddr6-graphics-card,"৳ 31,500",Gigabyte GeForce GTX 1660 Ti GAMING OC 6GB DDR6 Graphics Card
https://www.village-bd.com/uploads/product/mini_list/gigabyte-geforce-rtx-2060-oc-6gb-ddr6-graphics-card-1564038903.jpg,https://www.village-bd.com/gigabyte-geforce-rtx-2060-oc-6gb-ddr6-graphics-card,"৳ 37,500",Gigabyte GeForce RTX 2060 OC 6GB DDR6 Graphics Card
https://www.village-bd.com/uploads/product/mini_list/gigabyte-geforce-rtx-2060-windforce-oc-6gb-ddr6-graphics-card-1564039576.jpg,https://www.village-bd.com/gigabyte-geforce-rtx-2060-windforce-oc-6gb-ddr6-graphics-card,"৳ 38,500",Gigabyte GeForce RTX 2060 WINDFORCE OC 6GB DDR6 Graphics Card
https://www.village-bd.com/uploads/product/mini_list/gigabyte-geforce-rtx-2060-gaming-oc-pro-6gb-ddr6-graphics-card-1564045695.jpg,https://www.village-bd.com/gigabyte-geforce-rtx-2060-gaming-oc-pro-6gb-ddr6-graphics-card,"৳ 40,000",Gigabyte GeForce RTX 2060 GAMING OC PRO 6GB DDR6 Graphics Card
https://www.village-bd.com/uploads/product/mini_list/gigabyte-geforce-rtx-2070-windforce-8gb-ddr6-graphics-card-1564046614.jpg,https://www.village-bd.com/gigabyte-geforce-rtx-2070-windforce-8gb-ddr6-graphics-card,"৳ 53,000",Gigabyte GeForce RTX 2070 WINDFORCE 8GB DDR6 Graphics Card
https://www.village-bd.com/uploads/product/mini_list/gigabyte-geforce-rtx-2070-gaming-oc-white-8gb-ddr6-graphics-card-1564048030.jpg,https://www.village-bd.com/gigabyte-geforce-rtx-2070-gaming-oc-white-8gb-ddr6-graphics-card,"৳ 59,000",Gigabyte GeForce RTX 2070 GAMING OC WHITE 8GB DDR6 Graphics Card
https://www.village-bd.com/uploads/product/mini_list/ASUS DUAL-GTX1070-O8G 8GB Graphics Card.jpeg,https://www.village-bd.com/asus-dual-gtx1070-o8g-8gb-graphics-card,"৳ 50,500",ASUS DUAL-GTX1070-O8G 8GB Graphics Card
https://www.village-bd.com/uploads/product/mini_list/gigabyte-aorus-geforce-rtx-2070-8gb-ddr6-graphics-card-1564049154.jpg,https://www.village-bd.com/gigabyte-aorus-geforce-rtx-2070-8gb-ddr6-graphics-card,"৳ 63,000",Gigabyte AORUS GeForce RTX 2070 8GB DDR6 Graphics Card
https://www.village-bd.com/uploads/product/mini_list/gigabyte-geforce-rtx-2080-gaming-oc-white-8gb-ddr6-graphics-card-1564051797.jpg,https://www.village-bd.com/gigabyte-geforce-rtx-2080-gaming-oc-white-8gb-ddr6-graphics-card,"৳ 81,000",Gigabyte GeForce RTX 2080 GAMING OC WHITE 8GB DDR6 Graphics Card
https://www.village-bd.com/uploads/product/mini_list/gigabyte-geforce-rtx-2080-windforce-oc-8gb-graphics-card-1564054425.jpg,https://www.village-bd.com/gigabyte-geforce-rtx-2080-windforce-oc-8gb-ddr6-graphics-card,"৳ 83,000",Gigabyte GeForce RTX 2080 WINDFORCE OC 8GB DDR6 Graphics Card
https://www.village-bd.com/uploads/product/mini_list/gigabyte-aorus-geforce-rtx-2080-xtreme-8gb-ddr6-graphics-card-1564055155.jpg,https://www.village-bd.com/gigabyte-aorus-geforce-rtx-2080-xtreme-8gb-ddr6-graphics-card,"৳ 87,000",Gigabyte AORUS GeForce RTX 2080 XTREME 8GB DDR6 Graphics Card
https://www.village-bd.com/uploads/product/mini_list/gigabyte-geforce-rtx-2080-ti-windforce-11gb-ddr6-graphics-card-1564056004.jpg,https://www.village-bd.com/gigabyte-geforce-rtx-2080-ti-windforce-11gb-ddr6-graphics-card,"৳ 113,000",Gigabyte GeForce RTX 2080 Ti WINDFORCE 11GB DDR6 Graphics Card
https://www.village-bd.com/uploads/product/mini_list/gigabyte-radeon-rx-550-2gb-ddr5-graphics-card-1564056774.jpg,https://www.village-bd.com/gigabyte-radeon-rx-550-2gb-ddr5-graphics-card,"৳ 9,600",Gigabyte Radeon RX 550 2GB DDR5 Graphics Card
https://www.village-bd.com/uploads/product/mini_list/gigabyte-radeon-rx-570-gaming-8gb-ddr5-mi-graphics-card-1564057526.jpg,https://www.village-bd.com/gigabyte-radeon-rx-570-gaming-8gb-ddr5-mi-graphics-card,"৳ 16,500",Gigabyte Radeon RX 570 Gaming 8GB DDR5 MI Graphics Card
https://www.village-bd.com/uploads/product/mini_list/gigabyte-radeon-rx-580-gaming-8gb-ddr5-mi-graphics-card-1564058155.jpg,https://www.village-bd.com/gigabyte-radeon-rx-580-gaming-8gb-ddr5-mi-graphics-card,"৳ 20,000",Gigabyte Radeon RX 580 Gaming 8GB DDR5 MI Graphics Card
https://www.village-bd.com/uploads/product/mini_list/gigabyte-radeon-rx-vega-56-gaming-oc-8gb-hbm2-graphics-card-1564058881.jpg,https://www.village-bd.com/gigabyte-radeon-rx-vega-56-gaming-oc-8gb-hbm2-graphics-card,"৳ 63,500",Gigabyte Radeon RX VEGA 56 GAMING OC 8GB HBM2 Graphics Card
https://www.village-bd.com/uploads/product/mini_list/gigabyte-geforce-gtx-1050-ti-windforce-oc-4gb-ddr5-graphics-card-1564059488.jpg,https://www.village-bd.com/gigabyte-geforce-gtx-1050-ti-windforce-oc-4gb-ddr5-graphics-card,"৳ 18,000",Gigabyte GeForce GTX 1050 Ti Windforce OC 4GB DDR5 Graphics Card
https://www.village-bd.com/uploads/product/mini_list/ZOTAC-GTX-1050-Ti-OC-Edition-Graphic-Card-ZT-P10510B-10L-1.jpg,https://www.village-bd.com/zotac-geforce-gtx-1050-ti-oc-edition-4gb-gddr5-graphics-card,"৳ 16,500",ZOTAC GeForce GTX 1050 Ti OC Edition 4GB GDDR5 Graphics Card
https://www.village-bd.com/uploads/product/mini_list/GeForce RTX 2060 AMP A.jpg,https://www.village-bd.com/zotac-gaming-geforce-rtx-2060-amp-6gb-gddr6-graphics-card,"৳ 37,500",ZOTAC GAMING GeForce RTX 2060 AMP 6GB GDDR6 Graphics Card
https://www.village-bd.com/uploads/product/mini_list/ZOTAC GAMING GeForce GTX 1660 Ti AMP A.jpg,https://www.village-bd.com/zotac-gaming-geforce-gtx-1660-ti-amp-6gb-gddr6-graphics-card,"৳ 29,900",ZOTAC GAMING GeForce GTX 1660 Ti AMP 6GB GDDR6 Graphics Card
https://www.village-bd.com/uploads/product/mini_list/zotac-gaming-geforce-gtx-1660-amp-6gb-gddr5-graphics-card-1566650525.jpg,https://www.village-bd.com/zotac-gaming-geforce-gtx-1660-amp-6gb-gddr5-graphics-card,"৳ 24,000",Zotac Gaming GeForce GTX 1660 AMP 6GB GDDR5 Graphics Card
https://www.village-bd.com/uploads/product/mini_list/zotac-gaming-geforce-gtx-1660-6gb-gddr5-graphics-card-1566650119.jpg,https://www.village-bd.com/zotac-gaming-geforce-gtx-1660-6gb-gddr5-graphics-card,"৳ 21,500",ZOTAC GAMING GeForce GTX 1660 6GB GDDR5 Graphics Card
https://www.village-bd.com/uploads/product/mini_list/ph-gtx1050-3g-1.jpg,https://www.village-bd.com/asus-ph-gtx1050-3gb-graphics-card,"৳ 15,500",ASUS PH-GTX1050-3GB Graphics Card
https://www.village-bd.com/uploads/product/mini_list/rog-strix-rtx2070-o8g-gaming-1.jpg,https://www.village-bd.com/asus-rog-strix-rtx2070-o8g-gaming-graphics-card,"৳ 71,500",ASUS ROG-STRIX-RTX2070-O8G-GAMING Graphics Card
https://www.village-bd.com/uploads/product/mini_list/P_setting_000_1_90_end_500.jpg,https://www.village-bd.com/asus-dual-rtx2070-o8g-graphics-card,"৳ 67,000",ASUS DUAL-RTX2070-O8G Graphics Card
https://www.village-bd.com/uploads/product/mini_list/zotac-gaming-geforce-rtx2070-amp-extreme-8gb-ddr6-graphics-card-1566651514.jpg,https://www.village-bd.com/zotac-gaming-geforce-rtx2070-amp-extreme-8gb-ddr6-graphics-card,"৳ 66,000",ZOTAC GAMING GEFORCE RTX2070 AMP! EXTREME 8GB DDR6 Graphics Card
https://www.village-bd.com/uploads/product/mini_list/zotac-gaming-geforce-rtx2080-amp-edition-8gb-ddr6-graphics-card-1566651914.jpg,https://www.village-bd.com/zotac-gaming-geforce-rtx2080-amp-edition-8gb-ddr6-graphics-card,"৳ 79,000",ZOTAC GAMING GEFORCE RTX2080 AMP! EDITION 8GB DDR6 Graphics Card
https://www.village-bd.com/uploads/product/mini_list/zotac-gaming-geforce-rtx2080ti-amp-edition-11gb-ddr6-graphics-card-1566652572.jpg,https://www.village-bd.com/zotac-gaming-geforce-rtx2080ti-amp-edition-11gb-ddr6-graphics-card,"৳ 126,000",ZOTAC GAMING GEFORCE RTX2080Ti AMP! EDITION 11GB DDR6 Graphics Card
https://www.village-bd.com/uploads/product/mini_thumbs/Gigabyte GeForce® GTX 1050 Ti OC 4G-1.jpg,https://www.village-bd.com/gigabyte-gtx-1050-ti-oc-4gb-ddr5-graphics-card,"৳ 17,500",Gigabyte GTX 1050 Ti OC 4GB DDR5 Graphics Card
https://www.village-bd.com/uploads/product/mini_thumbs/sapphire r7 240 1gb ddr5 2-500x500.jpg,https://www.village-bd.com/sapphire-r7-240-1gb-ddr5-graphics-card,"৳ 5,500",Sapphire R7 240 1GB DDR5 Graphics Card
https://www.village-bd.com/uploads/product/mini_thumbs/gigabyte-nvidia-geforce-gt-1030-oc-2gb-ddr5-graphics-card-1563968296.jpg,https://www.village-bd.com/gigabyte-nvidia-geforce-gt-1030-oc-2gb-ddr5-graphics-card,"৳ 8,400",Gigabyte NVIDIA GeForce GT 1030 OC 2GB DDR5 Graphics Card
https://www.village-bd.com/uploads/product/mini_thumbs/gigabyte-geforce-rtx-2070-aorus-xtreme-8gb-gddr6-graphics-card-1564049750.jpg,https://www.village-bd.com/gigabyte-geforce-rtx-2070-aorus-xtreme-8gb-gddr6-graphics-card,"৳ 65,000",Gigabyte GeForce RTX 2070 AORUS XTREME 8GB GDDR6 Graphics Card
https://www.village-bd.com/uploads/product/mini_thumbs/Zotac GeForce GT 710 2GB A.jpg,https://www.village-bd.com/zotac-geforce-gt-710-2gb-ddr3-graphics-card,"৳ 4,350",ZOTAC GeForce GT 710 2GB DDR3 Graphics Card
https://www.village-bd.com/uploads/product/mini_thumbs/GV-RX570AORUS-4GB.jpg,https://www.village-bd.com/gigabyte-amd-radeon-rx570-aorus-4gb-ddr5-graphics-card,"৳ 28,800",Gigabyte AMD Radeon RX570 Aorus 4GB DDR5 Graphics Card
https://www.village-bd.com/uploads/product/mini_thumbs/ZOTAC GeForce GT 730 LP 2GB 902-1-500x500.jpg,https://www.village-bd.com/zotac-geforce-gt-730-2gb-ddr5-graphics-card,"৳ 5,800",ZOTAC GeForce GT 730 2GB DDR5 Graphics Card
https://www.village-bd.com/uploads/product/mini_thumbs/z1-500x500.jpg,https://www.village-bd.com/zotac-geforce-gt-1030-2gb-ddr5-graphics-card,"৳ 8,200",ZOTAC GeForce GT 1030 2GB DDR5 Graphics Card
https://www.village-bd.com/uploads/product/mini_thumbs/sapphire-nitro-radeon-rx-570-8g-gddr5-graphics-card-1562144398.jpg,https://www.village-bd.com/sapphire-nitro-radeon-rx-570-8gb-gddr5-graphics-card,"৳ 19,000",SAPPHIRE NITRO+ RADEON RX 570 8GB GDDR5 Graphics Card
https://www.village-bd.com/uploads/product/mini_thumbs/PH-GTX1050 4gb.jpg,https://www.village-bd.com/asus-ph-gtx1050ti-4g-4gb-ddr-5-graphics-card,"৳ 16,950",ASUS PH-GTX1050TI-4G 4GB DDR-5 Graphics Card
https://www.village-bd.com/uploads/product/mini_thumbs/gigabyte-geforce-gtx-1650-oc-4gb-ddr5-graphics-card-1563973003.jpg,https://www.village-bd.com/gigabyte-geforce-gtx-1650-oc-4gb-ddr5-graphics-card,"৳ 18,000",Gigabyte GeForce GTX 1650 OC 4GB DDR5 Graphics Card
https://www.village-bd.com/uploads/product/mini_thumbs/gigabyte-geforce-gtx-1650-windforce-oc-4gb-ddr5-graphics-card-1563973752.jpg,https://www.village-bd.com/gigabyte-geforce-gtx-1650-windforce-oc-4gb-ddr5-graphics-card,"৳ 18,500",Gigabyte GeForce GTX 1650 WINDFORCE OC 4GB DDR5 Graphics Card
https://www.village-bd.com/uploads/product/mini_thumbs/gigabyte-geforce-gtx-1650-gaming-oc-4gb-ddr5-graphics-card-1563974443.jpg,https://www.village-bd.com/gigabyte-geforce-gtx-1650-gaming-oc-4gb-ddr5-graphics-card,"৳ 21,000",Gigabyte GeForce GTX 1650 GAMING OC 4GB DDR5 Graphics Card
https://www.village-bd.com/uploads/product/mini_thumbs/gigabyte-geforce-gtx-1660-oc-6gb-ddr5-graphics-card-1563975285.jpg,https://www.village-bd.com/gigabyte-geforce-gtx-1660-oc-6gb-ddr5-graphics-card,"৳ 23,000",Gigabyte GeForce GTX 1660 OC 6GB DDR5 Graphics Card
https://www.village-bd.com/uploads/product/mini_thumbs/gigabyte-geforce-gtx-1660-gaming-oc-6gb-gddr5-graphics-card-1563975921.jpg,https://www.village-bd.com/gigabyte-geforce-gtx-1660-gaming-oc-6gb-gddr5-graphics-card,"৳ 29,000",Gigabyte GeForce GTX 1660 GAMING OC 6GB GDDR5 Graphics Card
https://www.village-bd.com/uploads/product/mini_thumbs/Asus Rog Strix Radeon RX 580 O8G Gaming OC Edition GDDR5 Graphics Card.jpg,https://www.village-bd.com/asus-rog-strix-radeon-rx580-o8g-gaming-oc-edition-gddr5-graphics-card,"৳ 27,000",Asus Rog Strix Radeon RX580 O8G Gaming OC Edition GDDR5 Graphics Card
https://www.village-bd.com/uploads/product/mini_thumbs/gigabyte-aorus-radeon-rx-580-8g-8gb.jpg,https://www.village-bd.com/gigabyte-aorus-radeon-rx-580-8g-8gb-gddr5-graphics-card,"৳ 34,000",Gigabyte AORUS Radeon RX 580 8G 8GB GDDR5 Graphics Card
https://www.village-bd.com/uploads/product/mini_thumbs/gigabyte-geforce-gtx-1660-gaming-6gb-ddr5-graphics-card-1564034852.jpg,https://www.village-bd.com/gigabyte-geforce-gtx-1660-gaming-6gb-ddr5-graphics-card,"৳ 25,500",Gigabyte GeForce GTX 1660 GAMING 6GB DDR5 Graphics Card
https://www.village-bd.com/uploads/product/mini_thumbs/gigabyte-geforce-gtx-1660-ti-oc-6gb-ddr5-graphics-card-1564035789.jpg,https://www.village-bd.com/gigabyte-geforce-gtx-1660-ti-oc-6gb-ddr6-graphics-card,"৳ 29,500",Gigabyte GeForce GTX 1660 Ti OC 6GB DDR6 Graphics Card
https://www.village-bd.com/uploads/product/mini_thumbs/gigabyte-geforce-gtx-1660-ti-windforce-oc-6gb-ddr6-graphics-card-1564036988.jpg,https://www.village-bd.com/gigabyte-geforce-gtx-1660-ti-windforce-oc-6gb-ddr6-graphics-card,"৳ 30,500",Gigabyte GeForce GTX 1660 Ti WINDFORCE OC 6GB DDR6 Graphics Card
https://www.village-bd.com/uploads/product/mini_thumbs/gigabyte-geforce-gtx-1660-ti-gaming-oc-6gb-ddr6-graphics-card-1564037866.jpg,https://www.village-bd.com/gigabyte-geforce-gtx-1660-ti-gaming-oc-6gb-ddr6-graphics-card,"৳ 31,500",Gigabyte GeForce GTX 1660 Ti GAMING OC 6GB DDR6 Graphics Card
https://www.village-bd.com/uploads/product/mini_thumbs/gigabyte-geforce-rtx-2060-oc-6gb-ddr6-graphics-card-1564038903.jpg,https://www.village-bd.com/gigabyte-geforce-rtx-2060-oc-6gb-ddr6-graphics-card,"৳ 37,500",Gigabyte GeForce RTX 2060 OC 6GB DDR6 Graphics Card
https://www.village-bd.com/uploads/product/mini_thumbs/gigabyte-geforce-rtx-2060-windforce-oc-6gb-ddr6-graphics-card-1564039576.jpg,https://www.village-bd.com/gigabyte-geforce-rtx-2060-windforce-oc-6gb-ddr6-graphics-card,"৳ 38,500",Gigabyte GeForce RTX 2060 WINDFORCE OC 6GB DDR6 Graphics Card
https://www.village-bd.com/uploads/product/mini_thumbs/gigabyte-geforce-rtx-2060-gaming-oc-pro-6gb-ddr6-graphics-card-1564045695.jpg,https://www.village-bd.com/gigabyte-geforce-rtx-2060-gaming-oc-pro-6gb-ddr6-graphics-card,"৳ 40,000",Gigabyte GeForce RTX 2060 GAMING OC PRO 6GB DDR6 Graphics Card
https://www.village-bd.com/uploads/product/mini_thumbs/gigabyte-geforce-rtx-2070-windforce-8gb-ddr6-graphics-card-1564046614.jpg,https://www.village-bd.com/gigabyte-geforce-rtx-2070-windforce-8gb-ddr6-graphics-card,"৳ 53,000",Gigabyte GeForce RTX 2070 WINDFORCE 8GB DDR6 Graphics Card
https://www.village-bd.com/uploads/product/mini_thumbs/gigabyte-geforce-rtx-2070-gaming-oc-white-8gb-ddr6-graphics-card-1564048030.jpg,https://www.village-bd.com/gigabyte-geforce-rtx-2070-gaming-oc-white-8gb-ddr6-graphics-card,"৳ 59,000",Gigabyte GeForce RTX 2070 GAMING OC WHITE 8GB DDR6 Graphics Card
https://www.village-bd.com/uploads/product/mini_thumbs/ASUS DUAL-GTX1070-O8G 8GB Graphics Card.jpeg,https://www.village-bd.com/asus-dual-gtx1070-o8g-8gb-graphics-card,"৳ 50,500",ASUS DUAL-GTX1070-O8G 8GB Graphics Card
https://www.village-bd.com/uploads/product/mini_thumbs/gigabyte-aorus-geforce-rtx-2070-8gb-ddr6-graphics-card-1564049154.jpg,https://www.village-bd.com/gigabyte-aorus-geforce-rtx-2070-8gb-ddr6-graphics-card,"৳ 63,000",Gigabyte AORUS GeForce RTX 2070 8GB DDR6 Graphics Card
https://www.village-bd.com/uploads/product/mini_thumbs/gigabyte-geforce-rtx-2080-gaming-oc-white-8gb-ddr6-graphics-card-1564051797.jpg,https://www.village-bd.com/gigabyte-geforce-rtx-2080-gaming-oc-white-8gb-ddr6-graphics-card,"৳ 81,000",Gigabyte GeForce RTX 2080 GAMING OC WHITE 8GB DDR6 Graphics Card
https://www.village-bd.com/uploads/product/mini_thumbs/gigabyte-geforce-rtx-2080-windforce-oc-8gb-graphics-card-1564054425.jpg,https://www.village-bd.com/gigabyte-geforce-rtx-2080-windforce-oc-8gb-ddr6-graphics-card,"৳ 83,000",Gigabyte GeForce RTX 2080 WINDFORCE OC 8GB DDR6 Graphics Card
https://www.village-bd.com/uploads/product/mini_thumbs/gigabyte-aorus-geforce-rtx-2080-xtreme-8gb-ddr6-graphics-card-1564055155.jpg,https://www.village-bd.com/gigabyte-aorus-geforce-rtx-2080-xtreme-8gb-ddr6-graphics-card,"৳ 87,000",Gigabyte AORUS GeForce RTX 2080 XTREME 8GB DDR6 Graphics Card
https://www.village-bd.com/uploads/product/mini_thumbs/gigabyte-geforce-rtx-2080-ti-windforce-11gb-ddr6-graphics-card-1564056004.jpg,https://www.village-bd.com/gigabyte-geforce-rtx-2080-ti-windforce-11gb-ddr6-graphics-card,"৳ 113,000",Gigabyte GeForce RTX 2080 Ti WINDFORCE 11GB DDR6 Graphics Card
https://www.village-bd.com/uploads/product/mini_thumbs/gigabyte-radeon-rx-550-2gb-ddr5-graphics-card-1564056774.jpg,https://www.village-bd.com/gigabyte-radeon-rx-550-2gb-ddr5-graphics-card,"৳ 9,600",Gigabyte Radeon RX 550 2GB DDR5 Graphics Card
https://www.village-bd.com/uploads/product/mini_thumbs/gigabyte-radeon-rx-570-gaming-8gb-ddr5-mi-graphics-card-1564057526.jpg,https://www.village-bd.com/gigabyte-radeon-rx-570-gaming-8gb-ddr5-mi-graphics-card,"৳ 16,500",Gigabyte Radeon RX 570 Gaming 8GB DDR5 MI Graphics Card
https://www.village-bd.com/uploads/product/mini_thumbs/gigabyte-radeon-rx-580-gaming-8gb-ddr5-mi-graphics-card-1564058155.jpg,https://www.village-bd.com/gigabyte-radeon-rx-580-gaming-8gb-ddr5-mi-graphics-card,"৳ 20,000",Gigabyte Radeon RX 580 Gaming 8GB DDR5 MI Graphics Card
https://www.village-bd.com/uploads/product/mini_thumbs/gigabyte-radeon-rx-vega-56-gaming-oc-8gb-hbm2-graphics-card-1564058881.jpg,https://www.village-bd.com/gigabyte-radeon-rx-vega-56-gaming-oc-8gb-hbm2-graphics-card,"৳ 63,500",Gigabyte Radeon RX VEGA 56 GAMING OC 8GB HBM2 Graphics Card
https://www.village-bd.com/uploads/product/mini_thumbs/gigabyte-geforce-gtx-1050-ti-windforce-oc-4gb-ddr5-graphics-card-1564059488.jpg,https://www.village-bd.com/gigabyte-geforce-gtx-1050-ti-windforce-oc-4gb-ddr5-graphics-card,"৳ 18,000",Gigabyte GeForce GTX 1050 Ti Windforce OC 4GB DDR5 Graphics Card
https://www.village-bd.com/uploads/product/mini_thumbs/ZOTAC-GTX-1050-Ti-OC-Edition-Graphic-Card-ZT-P10510B-10L-1.jpg,https://www.village-bd.com/zotac-geforce-gtx-1050-ti-oc-edition-4gb-gddr5-graphics-card,"৳ 16,500",ZOTAC GeForce GTX 1050 Ti OC Edition 4GB GDDR5 Graphics Card
https://www.village-bd.com/uploads/product/mini_thumbs/GeForce RTX 2060 AMP A.jpg,https://www.village-bd.com/zotac-gaming-geforce-rtx-2060-amp-6gb-gddr6-graphics-card,"৳ 37,500",ZOTAC GAMING GeForce RTX 2060 AMP 6GB GDDR6 Graphics Card
https://www.village-bd.com/uploads/product/mini_thumbs/ZOTAC GAMING GeForce GTX 1660 Ti AMP A.jpg,https://www.village-bd.com/zotac-gaming-geforce-gtx-1660-ti-amp-6gb-gddr6-graphics-card,"৳ 29,900",ZOTAC GAMING GeForce GTX 1660 Ti AMP 6GB GDDR6 Graphics Card
https://www.village-bd.com/uploads/product/mini_thumbs/zotac-gaming-geforce-gtx-1660-amp-6gb-gddr5-graphics-card-1566650525.jpg,https://www.village-bd.com/zotac-gaming-geforce-gtx-1660-amp-6gb-gddr5-graphics-card,"৳ 24,000",Zotac Gaming GeForce GTX 1660 AMP 6GB GDDR5 Graphics Card
https://www.village-bd.com/uploads/product/mini_thumbs/zotac-gaming-geforce-gtx-1660-6gb-gddr5-graphics-card-1566650119.jpg,https://www.village-bd.com/zotac-gaming-geforce-gtx-1660-6gb-gddr5-graphics-card,"৳ 21,500",ZOTAC GAMING GeForce GTX 1660 6GB GDDR5 Graphics Card
https://www.village-bd.com/uploads/product/mini_thumbs/ph-gtx1050-3g-1.jpg,https://www.village-bd.com/asus-ph-gtx1050-3gb-graphics-card,"৳ 15,500",ASUS PH-GTX1050-3GB Graphics Card
https://www.village-bd.com/uploads/product/mini_thumbs/rog-strix-rtx2070-o8g-gaming-1.jpg,https://www.village-bd.com/asus-rog-strix-rtx2070-o8g-gaming-graphics-card,"৳ 71,500",ASUS ROG-STRIX-RTX2070-O8G-GAMING Graphics Card
https://www.village-bd.com/uploads/product/mini_thumbs/P_setting_000_1_90_end_500.jpg,https://www.village-bd.com/asus-dual-rtx2070-o8g-graphics-card,"৳ 67,000",ASUS DUAL-RTX2070-O8G Graphics Card
https://www.village-bd.com/uploads/product/mini_thumbs/zotac-gaming-geforce-rtx2070-amp-extreme-8gb-ddr6-graphics-card-1566651514.jpg,https://www.village-bd.com/zotac-gaming-geforce-rtx2070-amp-extreme-8gb-ddr6-graphics-card,"৳ 66,000",ZOTAC GAMING GEFORCE RTX2070 AMP! EXTREME 8GB DDR6 Graphics Card
https://www.village-bd.com/uploads/product/mini_thumbs/zotac-gaming-geforce-rtx2080-amp-edition-8gb-ddr6-graphics-card-1566651914.jpg,https://www.village-bd.com/zotac-gaming-geforce-rtx2080-amp-edition-8gb-ddr6-graphics-card,"৳ 79,000",ZOTAC GAMING GEFORCE RTX2080 AMP! EDITION 8GB DDR6 Graphics Card
https://www.village-bd.com/uploads/product/mini_thumbs/zotac-gaming-geforce-rtx2080ti-amp-edition-11gb-ddr6-graphics-card-1566652572.jpg,https://www.village-bd.com/zotac-gaming-geforce-rtx2080ti-amp-edition-11gb-ddr6-graphics-card,"৳ 126,000",ZOTAC GAMING GEFORCE RTX2080Ti AMP! EDITION 11GB DDR6 Graphics Card
https://smartbd.com/media/catalog/product/cache/1/small_image/300x/9df78eab33525d08d6e5fb8d27136e95/8/1/816fzdhifil._sl1500_.jpg,https://smartbd.com/gigabyte-geforce-gt-gv-n710d5-1gi,"BDT 3,800.00",GIGABYTE GEFORCE GT GV-N710D5-1GI
https://smartbd.com/media/catalog/product/cache/1/small_image/300x/9df78eab33525d08d6e5fb8d27136e95/8/1/816fzdhifil._sl1500__1.jpg,https://smartbd.com/gigabyte-geforce-gt-gv-n710d3-2gi,"BDT 4,500.00",GIGABYTE GEFORCE GT GV-N710D3-2GI
https://smartbd.com/media/catalog/product/cache/1/small_image/300x/9df78eab33525d08d6e5fb8d27136e95/8/1/81_7amr1iyl._sl1500_.jpg,https://smartbd.com/gigabyte-geforce-gt-gv-rx550d5-2gd,"BDT 9,600.00",GIGABYTE GEFORCE GT GV-RX550D5-2GD
https://smartbd.com/media/catalog/product/cache/1/small_image/300x/9df78eab33525d08d6e5fb8d27136e95/a/m/amd1.png,https://smartbd.com/gigabyte-geforce-gt-gv-rx570gaming-8gd-mi,"BDT 14,000.00",GIGABYTE GEFORCE GT GV-RX570GAMING-8GD MI
https://smartbd.com/media/catalog/product/cache/1/small_image/300x/9df78eab33525d08d6e5fb8d27136e95/a/r/arahos_1.jpg,https://smartbd.com/gigabyte-geforce-gt-gv-rx580-aorus-8gd,"BDT 16,500.00",GIGABYTE GEFORCE GT GV-RX580 AORUS-8GD
https://smartbd.com/media/catalog/product/cache/1/small_image/300x/9df78eab33525d08d6e5fb8d27136e95/r/x/rxvega.jpg,https://smartbd.com/gigabyte-geforce-gt-gv-rxvega56-gaming-oc-8gd,"BDT 63,500.00",GIGABYTE GEFORCE GT GV-RXVEGA56 GAMING OC-8GD
https://smartbd.com/media/catalog/product/cache/1/small_image/300x/9df78eab33525d08d6e5fb8d27136e95/g/v/gv-n1030oc-2gi.jpg,https://smartbd.com/gigabyte-geforce-gv-n1030oc-2gi,"BDT 8,400.00",GIGABYTE GEFORCE GV-N1030OC-2GI
https://smartbd.com/media/catalog/product/cache/1/small_image/300x/9df78eab33525d08d6e5fb8d27136e95/7/1/71bi0ilv-zl._sl1000_.jpg,https://smartbd.com/gigabyte-geforce-gtx-1050-ti-g1-gaming-4g,"BDT 18,600.00",GIGABYTE GEFORCE GTX 1050 TI G1 GAMING-4G
https://smartbd.com/media/catalog/product/cache/1/small_image/300x/9df78eab33525d08d6e5fb8d27136e95/7/1/71bi0ilv-zl._sl1000__1.jpg,https://smartbd.com/gigabyte-geforce-gt-gv-n105twf2oc-4gd,"BDT 17,000.00",GIGABYTE GEFORCE GT GV-N105TWF2OC-4GD
https://smartbd.com/media/catalog/product/cache/1/small_image/300x/9df78eab33525d08d6e5fb8d27136e95/g/t/gtx_1050.jpg,https://smartbd.com/gigabyte-geforce-gtx-1050-ti-oc-4g,"BDT 17,500.00",GIGABYTE GEFORCE GTX 1050 TI OC-4GD
https://smartbd.com/media/catalog/product/cache/1/small_image/300x/9df78eab33525d08d6e5fb8d27136e95/2/0/2018102519210780_big.png,https://smartbd.com/aorus-geforce-rtxtm-2070-8g,"BDT 60,000.00",AORUS GeForce RTX™ 2070 8GC
https://smartbd.com/media/catalog/product/cache/1/small_image/300x/9df78eab33525d08d6e5fb8d27136e95/2/0/2018100910222296_big.png,https://smartbd.com/gigabyte-geforce-rtxtm-2080-gaming-oc-white-8g,"BDT 77,000.00",GIGABYTE GeForce RTX™ 2080 GAMING OC WHITE 8G
https://smartbd.com/media/catalog/product/cache/1/small_image/300x/9df78eab33525d08d6e5fb8d27136e95/2/0/2019031315063854303a9ae64f99581ba5be33ccbc28212f_big.png,https://smartbd.com/gigabyte-geforcer-gtx-1660-oc-6g,"BDT 23,000.00",GIGABYTE GeForce® GTX 1660 OC 6G
https://smartbd.com/media/catalog/product/cache/1/small_image/300x/9df78eab33525d08d6e5fb8d27136e95/2/0/2019022116280403295e4f4a42af9ecd89299abcf8fd1810_big.png,https://smartbd.com/gigabyte-geforcer-gtx-1660-ti-oc-6g,"BDT 29,500.00",GIGABYTE GeForce® GTX 1660 Ti OC 6G
https://smartbd.com/media/catalog/product/cache/1/small_image/300x/9df78eab33525d08d6e5fb8d27136e95/2/0/2019031315044600f36e107c512afddc3984828e870d2ac1_big.png,https://smartbd.com/gigabyte-geforcer-gtx-1660-gaming-oc-6g,"BDT 29,000.00",GIGABYTE GeForce® GTX 1660 GAMING OC 6G
https://smartbd.com/media/catalog/product/cache/1/small_image/300x/9df78eab33525d08d6e5fb8d27136e95/2/0/2019010711155628_big.png,https://smartbd.com/gigabyte-geforce-rtxtm-2060-oc-6g,"BDT 37,500.00",GIGABYTE GeForce RTX™ 2060 OC 6G
https://smartbd.com/media/catalog/product/cache/1/small_image/300x/9df78eab33525d08d6e5fb8d27136e95/2/0/2019010711211083_big.png,https://smartbd.com/gigabyte-geforce-rtxtm-2060-gaming-oc-6g,"BDT 40,000.00",GIGABYTE GeForce RTX™ 2060 GAMING OC PRO 6G
https://smartbd.com/media/catalog/product/cache/1/small_image/300x/9df78eab33525d08d6e5fb8d27136e95/2/0/2017050411324443_big.png,https://smartbd.com/gigabyte-2gb-nvidia-geforce-710-ddr5,"BDT 5,000.00",GIGABYTE 2GB NVIDIA GEFORCE 710 DDR5 # GV-N710D5-2GL
https://smartbd.com/media/catalog/product/cache/1/small_image/300x/9df78eab33525d08d6e5fb8d27136e95/2/0/2019042416533689b2fb899d09cab347d2c5745e30c67cb4_big.png,https://smartbd.com/gigabyte-geforcer-gtx-1650-oc-4g,"BDT 18,000.00",GIGABYTE GeForce® GTX 1650 OC 4G # GV-N1650OC-4GD
https://smartbd.com/media/catalog/product/cache/1/small_image/300x/9df78eab33525d08d6e5fb8d27136e95/2/0/2019042416423588ee51f6ff6e0a162c443d77472cd6937b_big.png,https://smartbd.com/gigabyte-geforcer-gtx-1650-windforce-oc-4g,"BDT 18,500.00",GIGABYTE GeForce® GTX 1650 WINDFORCE OC 4G # GV-N1650WF2OC-4GD
https://smartbd.com/media/catalog/product/cache/1/small_image/300x/9df78eab33525d08d6e5fb8d27136e95/2/0/2019042209023819709045564e46a221d8af45325398f964_big.png,https://smartbd.com/gigabyte-geforcer-gtx-1650-gaming-oc-4g,"BDT 21,000.00",GIGABYTE GeForce® GTX 1650 GAMING OC 4G # GV-N1650GAMING OC-4GD
https://smartbd.com/media/catalog/product/cache/1/small_image/300x/9df78eab33525d08d6e5fb8d27136e95/2/0/2019031315044600f36e107c512afddc3984828e870d2ac1_big_2.png,https://smartbd.com/gigabyte-geforcer-gtx-1660-gaming-oc-6g-2165,"BDT 25,500.00",GIGABYTE GeForce® GTX 1660 GAMING # GV-N1660GAMING-6GD
https://smartbd.com/media/catalog/product/cache/1/small_image/300x/9df78eab33525d08d6e5fb8d27136e95/2/0/2019022116351946164ac8c61c9d7a078ca821673edb69ed_big_2.png,https://smartbd.com/gigabyte-geforcer-gtx-1660-ti-windforce-oc-6g,"BDT 30,500.00",GIGABYTE GeForce® GTX 1660 Ti WINDFORCE OC 6G # GV-N166TWF2OC-6GD
https://smartbd.com/media/catalog/product/cache/1/small_image/300x/9df78eab33525d08d6e5fb8d27136e95/2/0/2019010711265124_big_2.png,https://smartbd.com/gigabyte-geforce-rtxtm-2060-windforce-oc-6g,"BDT 38,500.00",GIGABYTE GeForce RTX™ 2060 WINDFORCE OC 6G # GV-N2060WF2OC-6GD
https://smartbd.com/media/catalog/product/cache/1/small_image/300x/9df78eab33525d08d6e5fb8d27136e95/2/0/2018100416460725_big_3.png,https://smartbd.com/gigabyte-geforce-rtxtm-2070-windforce-8g,"BDT 53,000.00",GIGABYTE GeForce RTX™ 2070 WINDFORCE 8G # GV-N2070WF3-8GC
https://smartbd.com/media/catalog/product/cache/1/small_image/300x/9df78eab33525d08d6e5fb8d27136e95/2/0/2018100914120558_big.png,https://smartbd.com/gigabyte-geforce-rtxtm-2070-gaming-oc-white-8g,"BDT 59,000.00",GIGABYTE GeForce RTX™ 2070 GAMING OC WHITE 8G # GV-N2070GAMINGOC WHITE-8GC
https://smartbd.com/media/catalog/product/cache/1/small_image/300x/9df78eab33525d08d6e5fb8d27136e95/2/0/2018082011512401_big_1.png,https://smartbd.com/gigabyte-geforce-rtxtm-2080-windforce-oc-8g,"BDT 81,000.00",GIGABYTE GeForce RTX™ 2080 WINDFORCE OC 8G # GV-N2080WF3OC-8GC
https://smartbd.com/media/catalog/product/cache/1/small_image/300x/9df78eab33525d08d6e5fb8d27136e95/2/0/2018102318492278_big_1.png,https://smartbd.com/aorus-geforce-rtxtm-2080-xtreme-8g-2171,"BDT 83,000.00",AORUS GeForce RTX™ 2080 XTREME 8G # GV-N2080AORUS X-8GC
https://smartbd.com/media/catalog/product/cache/1/small_image/300x/9df78eab33525d08d6e5fb8d27136e95/2/0/2018092817243452_big.png,https://smartbd.com/gigabyte-geforce-rtxtm-2080-ti-windforce-11g,"BDT 113,000.00",GIGABYTE GeForce RTX™ 2080 Ti WINDFORCE 11G # GV-N208TWF3-11GC
https://smartbd.com/media/catalog/product/cache/1/small_image/300x/9df78eab33525d08d6e5fb8d27136e95/2/0/2018101910423612_big_1.png,https://smartbd.com/aorus-geforce-rtxtm-2080-ti-xtreme-11g-2173,"BDT 118,500.00",AORUS GeForce RTX™ 2080 Ti XTREME 11G # GV-N208TAORUS X-11GC
https://smartbd.com/media/catalog/product/cache/1/small_image/300x/9df78eab33525d08d6e5fb8d27136e95/2/0/2017071412012437_big.png,https://smartbd.com/gigabyte-radeontm-rx-580-gaming-8g-mi,"BDT 16,000.00",GIGABYTE Radeon™ RX 580 Gaming 8G MI # GV-RX580GAMING-8GD-MI
https://smartbd.com/media/catalog/product/cache/1/small_image/300x/9df78eab33525d08d6e5fb8d27136e95/2/0/20190221163127867984d6faf3a4935420650b4f17e4a4f7_big.png,https://smartbd.com/gigabyte-geforcer-gtx-1660-ti-gaming-oc-6g,"BDT 31,500.00",GIGABYTE GeForce® GTX 1660 Ti GAMING OC 6G # GV-N166TGAMING OC-6GD
https://smartbd.com/media/catalog/product/cache/1/small_image/300x/9df78eab33525d08d6e5fb8d27136e95/2/0/2018102318430092_big_2.png,https://smartbd.com/aorus-geforce-rtxtm-2070-xtreme-8g-2238,"BDT 63,500.00",AORUS GeForce RTX™ 2070 XTREME 8G # GV-N2070AORUS X-8GC
https://www.startech.com.bd/image/cache/catalog/component/graphics-card/asus/rtx-2080/rtx-2080-1-228x228.jpg,https://www.startech.com.bd/asus-rtx-2080-oc-graphics-card,"92,200৳",Asus ROG Strix GeForce RTX 2080 OC edition 8GB GDDR6 Graphics Card
https://www.startech.com.bd/image/cache/catalog/component/graphics-card/asus/gtx-1660/gtx-1660-1-228x228.jpg,https://www.startech.com.bd/asus-x3-gtx-1660-advanced-graphics-card,"28,000৳",ASUS TUF Gaming X3 GeForce GTX 1660 Advanced edition 6GB GDDR5 Graphics Card
https://www.startech.com.bd/image/cache/catalog/component/graphics-card/asus/rx-5700-xt/rx-5700-xt-1-228x228.jpg,https://www.startech.com.bd/asus-gaming-x3-rx-5700-xt-graphics-card,"48,300৳",ASUS TUF Gaming X3 Radeon RX 5700 XT OC 8GB Graphics Card
https://www.startech.com.bd/image/cache/catalog/component/graphics-card/galax/gt-1030-white/gt-1030-white-1-228x228.jpg,https://www.startech.com.bd/galax-geforce-gt-1030-white-graphics-card,"8,000৳",GALAX GeForce GT 1030 EXOC White 2GB GDDR5 Graphics Card
https://www.startech.com.bd/image/cache/catalog/graphics-card/galax/gtx-1060-oc/gtx-1060-oc-228x228.jpg,https://www.startech.com.bd/galax-geforce-gtx-1060-oc-graphics-card,"19,000৳",GALAX GeForce GTX 1060 OC 3GB GDDR5 Graphics Card
https://www.startech.com.bd/image/cache/catalog/component/graphics-card/galax/rtx-2060/rtx-2060-1-228x228.jpg,https://www.startech.com.bd/galax-rtx-2060-1-click-oc-graphics-card,"33,500৳",GALAX RTX 2060 (1 Click OC) 6GB GDDR6 Graphics Card
https://www.startech.com.bd/image/cache/catalog/graphics-card/galax/2060-super/rtx-2060-super-228x228.jpg,https://www.startech.com.bd/galax-rtx-2060-super-8gb-graphic-card,"36,000৳",GALAX RTX 2060 Super (1 Click OC) 8GB GDDR6 256-bit Graphics Card
https://www.startech.com.bd/image/cache/catalog/component/graphics-card/gigabyte/aorus-geforce/rtx-2070-super/rtx-2070-super-1-228x228.jpg,https://www.startech.com.bd/gigabyte-aorus-2070-super-graphics-card,"60,500৳",Gigabyte Aorus GeForce RTX 2070 Super 8GB Graphics Card
https://www.startech.com.bd/image/cache/catalog/component/graphics-card/gigabyte/2070-super-oc-3x-1-228x228.jpg,https://www.startech.com.bd/gigabyte-2070-super-oc-3x-graphics-card,"53,500৳",Gigabyte GeForce RTX 2070 SUPER WINDFORCE OC 3X 8GB Graphics Card
https://www.startech.com.bd/image/cache/catalog/Component/graphics card/Gigabyte/gtx_1030/gtx_1030-228x228.png,https://www.startech.com.bd/gigabyte-ggt-1030-oc-2g,"8,000৳",Gigabyte GT 1030 2GB OC Graphics card
https://www.startech.com.bd/image/cache/catalog/component/graphics-card/gigabyte/radeon/rx-5700-xt/rx-5700-xt-1-228x228.jpg,https://www.startech.com.bd/gigabyte-radeon-rx-5700-xt-graphics-card,"42,000৳",Gigabyte Radeon RX 5700 XT Gaming OC 8GB Graphics Card
https://www.startech.com.bd/image/cache/catalog/component/graphics-card/sapphire/pulse/radeon-rx-570/radeon-rx-570-1-228x228.jpg,https://www.startech.com.bd/sapphire-pulse-radeon-rx-570-4gb-graphics-card,"13,300৳",Sapphire Pulse Radeon RX 570 4GB GDDR5 HDMI DP Graphics card
https://www.startech.com.bd/image/cache/catalog/component/graphics-card/sapphire/pulse/radeon-rx-570/radeon-rx-570-1-228x228.jpg,https://www.startech.com.bd/sapphire-pulse-radeon-rx-570-graphics-card,"15,600৳",Sapphire Pulse Radeon RX 570 8GB GDDR5 Graphics Card
https://www.startech.com.bd/image/cache/catalog/component/graphics-card/sapphire/pulse/rx-580/rx-580-1-228x228.jpg,https://www.startech.com.bd/sapphire-pulse-rx-580-graphics-card,"20,500৳",Sapphire Pulse Radeon RX 580 8GB Graphics Card
https://www.startech.com.bd/image/cache/catalog/component/graphics-card/xfx/rx-570/xfx-570-228x228.jpg,https://www.startech.com.bd/xfx-rx570-rs-8gb-xxx-edition-graphics-card,"15,800৳",XFX AMD Radeon RX 570 RS 8GB XXX Edition Graphics Card
https://www.startech.com.bd/image/cache/catalog/graphics-card/zotac/gt-710/zotac-710-228x228.jpg,https://www.startech.com.bd/zotac-gt-710-2gb-graphics-card,"4,300৳",Zotac GeForce GT 710 2GB DDR3 Graphics Card
https://www.startech.com.bd/image/cache/catalog/graphics-card/gigabyte/radeon-rx-570/radeon-rx-570-1-228x228.jpg,https://www.startech.com.bd/gigabyte-radeon-rx-570-8g-mi-graphics-card,"13,900৳",Gigabyte Radeon RX 570 Gaming 8G MI GDDR5 Graphics Card
https://www.startech.com.bd/image/cache/catalog/graphics-card/sapphire/nitro-plus-rx-570-8g-gddr5/rx-570-8-228x228.jpg,https://www.startech.com.bd/sapphire-nitro-plus-rx-570-8g-gddr5-graphics-card,"18,899৳",Sapphire NITRO+ RX 570 8G GDDR5 Graphics Card
https://www.startech.com.bd/image/cache/catalog/component/graphics-card/xfx/radeon/rx-5700-dd-ultra/rx-5700-dd-ultra-1-228x228.jpg,https://www.startech.com.bd/xfx-radeon-rx-5700-dd-ultra-8gb-graphics-card,"36,000৳",XFX AMD Radeon RX 5700 DD Ultra 8GB GDDR6 Graphics Card
https://www.startech.com.bd/image/cache/catalog/graphics-card/zotac/1030-2gb/zotac-1030-228x228.jpg,https://www.startech.com.bd/zotac-geforce-gt-1030-graphics-card,"8,200৳",ZOTAC GeForce GT 1030 Low Profile 2GB GDDR5 Graphics Card
https://www.startech.com.bd/image/cache/catalog/graphics-card/galax/galax-1030/galax-1030-228x228.png,https://www.startech.com.bd/galax-geforce-gt-1030,"8,000৳",GALAX GeForce GT 1030 2GB GDDR5 Graphics Card
https://www.startech.com.bd/image/cache/catalog/graphics-card/gigabyte/gtx-1650-oc/gtx-1650-228x228.jpg,https://www.startech.com.bd/gigabyte-geforce-gtx-1650-oc-graphics-card,"17,200৳",Gigabyte GeForce GTX 1650 OC 4GB Graphics Card
https://www.startech.com.bd/image/cache/catalog/graphics-card/sapphire/rx570/rx-570-228x228.jpg,https://www.startech.com.bd/sapphire-nitro-radeon-rx570-oc-graphics-card,"19,000৳",Sapphire Nitro+Radeon RX 570 OC 8GB GDDR5 Graphics Card
https://www.startech.com.bd/image/cache/catalog/component/graphics-card/xfx/radeon/rx-5700-xt/rx-5700-xt-1-228x228.jpg,https://www.startech.com.bd/xfx-radeon-rx-5700-xt-graphics-card,"41,500৳",XFX AMD Radeon RX 5700 XT THICC II Ultra 8GB GDDR6 Graphics Card
https://www.startech.com.bd/image/cache/catalog/graphics-card/zotac/geforce-gtx-1660-ti/zotac-geforce-gtx-1660-ti-228x228.jpg,https://www.startech.com.bd/zotac-geforce-gtx-1660-ti,"27,500৳",ZOTAC GAMING GeForce GTX 1660 Ti 6GB GDDR6 Graphics Card
https://www.startech.com.bd/image/cache/catalog/graphics-card/gigabyte/gtx-1650-windforce/gtx-1650-windforce-228x228.jpg,https://www.startech.com.bd/gigabyte-geforce-gtx-1650-windforce-oc-graphics-card,"18,600৳",Gigabyte GeForce GTX 1650 WINDFORCE OC 4GB Graphics Card
https://www.startech.com.bd/image/cache/catalog/graphics-card/sapphire/nitro-plus-rx-580-4g/rx_580_8-228x228.jpg,https://www.startech.com.bd/sapphire-nitro-plus-rx-580-4g-gddr5-graphics-card,"19,500৳",Sapphire NITRO+ RX 580 4G GDDR5 Graphics Card
https://www.startech.com.bd/image/cache/catalog/graphics-card/xfx/radeon-rx-560/radeon-rx-560-228x228.jpg,https://www.startech.com.bd/xfx-radeon-rx-560-amd-graphics-card,"10,300৳",XFX Radeon RX 560 4GB DDR5 PCI-E AMD Graphics Card (RX-560D4SFG5)
https://www.startech.com.bd/image/cache/catalog/graphics-card/zotac/geforce-gtx-1660-ti/zotac-geforce-gtx-1660-ti-228x228.jpg,https://www.startech.com.bd/gaming-geforce-gtx-1660-ti-amp,"29,500৳",ZOTAC GAMING GeForce GTX 1660 Ti AMP 6GB GDDR6 Graphics Card
https://www.startech.com.bd/image/cache/catalog/graphics-card/gigabyte/gtx-1660/gtx-1660-228x228.jpg,https://www.startech.com.bd/gigabyte-geforce-gtx-1660-oc-graphics-card,"22,300৳",Gigabyte GeForce GTX 1660 OC 6GB Graphics Card
https://www.startech.com.bd/image/cache/catalog/graphics-card/sapphire/nitro-plus-rx-580-8g/rx_580_14-228x228.jpg,https://www.startech.com.bd/sapphire-nitro-plus-rx-580-8g-gddr5-graphics-card,"22,300৳",Sapphire NITRO+ RX 580 8G GDDR5 Graphics Card
https://www.startech.com.bd/image/cache/catalog/component/graphics-card/xfx/xfx-rx580-228x228.jpg,https://www.startech.com.bd/xfx-580-gts-xxx-edition-8gb-graphics-card,"19,800৳",XFX RX 580 GTS XXX Edition 8GB DDR5 Graphics Card
https://www.startech.com.bd/image/cache/catalog/graphics-card/zotac/rtx-2060-super-mini/rtx-2060-super-mini-228x228.jpg,https://www.startech.com.bd/zotac-gaming-geforce-rtx-2060-super-mini-graphics-card,"42,700৳",Zotac Gaming GeForce RTX 2060 8GB GDDR6 Super Mini Graphics Card
https://www.startech.com.bd/image/cache/catalog/graphics-card/gigabyte/gtx-1660-gaming/gtx-1660-gaming-228x228.jpg,https://www.startech.com.bd/gigabyte-geforce-gtx-1660-gaming-oc-graphics-card,"27,500৳",Gigabyte GeForce GTX 1660 GAMING OC 6GB Graphics Card
https://www.startech.com.bd/image/cache/catalog/graphics-card/sapphire/nitro-plus-rx-590-8g/rx-590-228x228.jpg,https://www.startech.com.bd/sapphire-nitro-rx-590-8g-graphics-card,"23,600৳",Sapphire NITRO+ RX 590 8G GDDR5 Graphics Card
https://www.startech.com.bd/image/cache/catalog/graphics-card/xfx/rx590-228x228.jpg,https://www.startech.com.bd/xfx-amd-radeon-rx590-8gb-graphics-card,"27,200৳",XFX Amd Radeon RX590 Fatboy 8GB OC DDR5 Graphics Card
https://www.startech.com.bd/image/cache/catalog/graphics-card/zotac/rtx2060-super/rtx2060-super-1-228x228.jpg,https://www.startech.com.bd/zotac-rtx2060-super-amp-8gb-graphics-card,"45,500৳",Zotac Gaming Geforce RTX2060 Super AMP 8GB GDDR6 Graphics Card
https://www.startech.com.bd/image/cache/catalog/graphics-card/gigabyte/1660ti-oc-6gb/1660ti-oc-6gb-228x228.jpg,https://www.startech.com.bd/gigabyte-gtx-1660-ti-oc-6g-graphics-card,"28,300৳",Gigabyte GeForce GTX 1660 Ti OC 6GB Graphics Card
https://www.startech.com.bd/image/cache/catalog/graphics-card/sapphire/radeon-vii/radeon-vii-4-228x228.jpg,https://www.startech.com.bd/sapphire-radeon-vii-16gb-hbm2-graphics-card,"71,500৳",Sapphire Radeon VII 16GB HBM2 HDMI Triple DP (UEFI) Graphics Card
https://www.startech.com.bd/image/cache/catalog/graphics-card/xfx/rx-5700/rx-5700-4-228x228.jpg,https://www.startech.com.bd/xfx-radeon-rx-5700-8gb-gddr6-graphics-card,"35,800৳",XFX Radeon RX 5700 8GB Core Edition Graphics Card
https://www.startech.com.bd/image/cache/catalog/graphics-card/zotac/rtx2060-super-amp/rtx2060-super-amp-1-228x228.jpg,https://www.startech.com.bd/zotac-rtx2060-super-amp-extreme-8gb-graphics-card,"47,000৳",Zotac Gaming Geforce RTX2060 Super AMP Extreme 8GB GDDR6 Graphics Card
https://www.startech.com.bd/image/cache/catalog/graphics-card/gigabyte/1060-ti-windforce/1060-ti-main-228x228.jpg,https://www.startech.com.bd/gigabyte-geforce-gtx-1660-ti-windforce-graphics-card,"29,300৳",Gigabyte GeForce GTX 1660 Ti WINDFORCE OC 6GB Graphics Card
https://www.startech.com.bd/image/cache/catalog/graphics-card/sapphire/nitro-plus-rx-560-4g/rx-460-228x228.jpg,https://www.startech.com.bd/sapphire-nitro-plus-rx-560-graphics-card,"12,300৳",Sapphire NITRO+ RX 560 4G GDDR5 Graphics Card
https://www.startech.com.bd/image/cache/catalog/graphics-card/xfx/rx-5700-xt/5700-xt-4-228x228.jpg,https://www.startech.com.bd/xfx-radeon-rx-5700-xt-8gb-gddr6-graphics-card,"41,300৳",XFX Radeon RX 5700 XT 8GB Core Edition Graphics Card
https://www.startech.com.bd/image/cache/catalog/component/graphics-card/zotac/gaming/rtx2070-super/rtx2070-super-1-228x228.jpg,https://www.startech.com.bd/zotac-gaming-geforce-rtx2070-super-graphics-card,"53,300৳",ZOTAC GAMING GEFORCE RTX2070 SUPER 8GB GDDR6 Graphics Card
https://www.startech.com.bd/image/cache/catalog/graphics-card/gigabyte/geforce-gtx-1660-ti/geforce-gtx-1660-ti-1-228x228.jpg,https://www.startech.com.bd/gigabyte-geforce-gtx-1660-ti-gaming-oc-6g-graphics-card,"30,500৳",Gigabyte GeForce GTX 1660 Ti GAMING OC 6G Graphics Card
https://www.startech.com.bd/image/cache/catalog/graphics-card/sapphire/nitro-rx-590-8gb/rx580-228x228.png,https://www.startech.com.bd/sapphire-nitro-plus-rx-590-graphics-card,"22,800৳",Sapphire NITRO+ RX 590 8GB GDDR5 Graphics Card
https://www.startech.com.bd/image/cache/catalog/component/graphics-card/zotac/gaming/super-rtx-2070/super-rtx-2070-1-228x228.jpg,https://www.startech.com.bd/zotac-gaming-rtx-2070-super-graphics-card,"55,000৳",Zotac Gaming Geforce RTX2070 Super AMP 8GB GDDR6 Graphics card
https://www.startech.com.bd/image/cache/catalog/graphics-card/gigabyte/rtx-2070-super-oc/rtx-2070-super-oc-1-228x228.jpg,https://www.startech.com.bd/gigabyte-geforce-rtx-2070-super-oc-8gb-graphics-card,"55,000৳",Gigabyte GeForce RTX 2070 Super Gaming OC 8GB Graphics Card
https://www.startech.com.bd/image/cache/catalog/component/graphics-card/zotac/gaming/rtx-2080-super-amp/rtx-2080-super-amp-1-228x228.jpg,https://www.startech.com.bd/zotac-rtx-2080-super-graphics-card,"74,000৳",ZOTAC GAMING GeForce RTX 2080 SUPER 8GB GDDR6 Graphics Card
https://www.startech.com.bd/image/cache/catalog/graphics-card/gigabyte/rtx-2070/2070-228x228.jpg,https://www.startech.com.bd/aorus-geforce-rtx-2070-8g-graphics-card,"61,000৳",Gigabyte Aorus GeForce RTX 2070 8G GDDR6 Graphics Card
https://www.startech.com.bd/image/cache/catalog/graphics-card/msi/armor-8g-oc/armor-8g-oc-228x228.jpg,https://www.startech.com.bd/msi-radeon-rx-570-armor-8g-oc-graphics-card,"16,200৳",MSI Radeon RX 570 ARMOR 8G OC GDDR5 Graphics Card
https://www.startech.com.bd/image/cache/catalog/component/graphics-card/zotac/gaming/rtx-2080-amp-extreme/rtx-2080-super-amp-extreme-1-228x228.jpg,https://www.startech.com.bd/zotac-rtx-2080-super-amp-extreme-graphics-card,"80,000৳",ZOTAC GAMING GeForce RTX 2080 SUPER AMP Extreme 8GB GDDR6 Graphics Card
https://www.startech.com.bd/image/cache/catalog/graphics-card/galax/1650-ex/1650-ex-228x228.jpg,https://www.startech.com.bd/galax-gtx-1650-ex1-click-oc-graphics-card,"15,000৳",GALAX GeForce GTX 1650 EX (1-Click OC) 4GB GDDR5 Graphics Card
https://www.startech.com.bd/image/cache/catalog/graphics-card/gigabyte/rtx-2070-xtreme/2070-1-228x228.jpg,https://www.startech.com.bd/gigabyte-aorus-rtx-2070-xreme-8g-graphics-card,"63,000৳",Gigabyte AORUS GeForce RTX 2070 XTREME 8GB GDDR6 Graphics Card
https://www.startech.com.bd/image/cache/catalog/graphics-card/zotac/geforce-gtx-1650/gtx-1650-1-228x228.jpg,https://www.startech.com.bd/zotac-gaming-geforce-gtx-1650-oc-graphics-card,"14,500৳",Zotac Gaming GeForce GTX 1650 OC 4GB GDDR5 Graphics Card
https://www.startech.com.bd/image/cache/catalog/graphics-card/gigabyte/2080-windforce/2080-windforce-1-228x228.jpg,https://www.startech.com.bd/gigabyte-geforce-rtx-2080-windforce-oc-8g-graphics-card,"78,500৳",Gigabyte GeForce RTX 2080 WINDFORCE OC 8G GDDR6 Graphics Card
https://www.startech.com.bd/image/cache/catalog/graphics-card/zotac/1050-ti-lp-4g/1050ti-228x228.jpg,https://www.startech.com.bd/geforce-gtx1050-ti-low-profile-graphics-card,"15,700৳",Zotac GeForce GTX 1050 Ti Low Profile 4GB GDDR5 Graphics Card
https://www.startech.com.bd/image/cache/catalog/component/graphics-card/gigabyte/aorus-geforce/rtx-2060/rtx-2060-1-228x228.jpg,https://www.startech.com.bd/gigabyte-aorus-geforce-rtx-2060-graphics-card,"46,000৳",Gigabyte Aorus Geforce Rtx 2060 Super 8GB Graphics Card
https://www.startech.com.bd/image/cache/catalog/graphics-card/zotac/1050-ti-oc-4g/1050-ti-oc-228x228.jpg,https://www.startech.com.bd/zotac-gtx-1050-ti-oc-edition-graphics-card,"16,800৳",Zotac GeForce GTX 1050 Ti OC Edition 4GB GDDR5 Graphics Card
https://www.startech.com.bd/image/cache/catalog/graphics/Gigabyte/Gigabyte GV-N710D3-2GL-1-228x228.png,https://www.startech.com.bd/gigabyte-gv-n710d3-2gl,"4,200৳",Gigabyte GT 710 2GB DDR3 Graphics Card
https://www.startech.com.bd/image/cache/catalog/graphics-card/msi/geforce-gtx-1650-ventus-xs-4g-oc/gtx-1650-ventus-xs-4g-oc-1-228x228.jpg,https://www.startech.com.bd/msi-geforce-gtx-1650-ventus-xs-4g-oc-graphics-card,"16,500৳",MSI GeForce GTX 1650 VENTUS XS 4G OC Graphics Card
https://www.startech.com.bd/image/cache/catalog/graphics-card/zotac/geforce-gtx-1660/geforce-gtx-1660-228x228.jpg,https://www.startech.com.bd/zotac-gaming-geforce-gtx-1660-graphics-card,"20,300৳",ZOTAC GAMING GeForce GTX 1660 6GB GDDR5 Graphics Card
https://www.startech.com.bd/image/cache/catalog/graphics/Gigabyte/Gigabyte GTX 1050 Ti G1 Gaming 4G-1-228x228.jpg,https://www.startech.com.bd/gigabyte-geforce-gtx-1050-ti-g1-gaming-4g,"18,000৳",Gigabyte Geforce GTX 1050 Ti G1 Gaming 4GB DDR5 Graphics Card
https://www.startech.com.bd/image/cache/catalog/graphics-card/zotac/gtx-1660-amp/gtx-1660-amp-1-228x228.jpg,https://www.startech.com.bd/zotac-gtx1660-amp-6gb-graphics-card,"22,500৳",Zotac Gaming GeForce GTX 1660 AMP 6GB GDDR5 Graphics Card
https://www.startech.com.bd/image/cache/catalog/graphics/Gigabyte/Gigabyte GTX 1050 Ti Windforce OC 4G/GTX 1050 Ti Windforce OC 4G-1-228x228.jpg,https://www.startech.com.bd/gigabyte-gtx-1050-ti-windforce-oc-4g,"18,000৳",Gigabyte GTX 1050 Ti Windforce OC 4GB DDR5 Graphics Card
https://www.startech.com.bd/image/cache/catalog/graphics-card/zotac/geforce-rtx-2060-amp/zotac-geforce-rtx-2060-amp-228x228.jpg,https://www.startech.com.bd/zotac-geforce-rtx-2060-amp-graphics-card,"31,500৳",ZOTAC GAMING GeForce RTX 2060 AMP 6GB GDDR6 Graphics Card
https://www.startech.com.bd/image/cache/catalog/graphics-card/gigabyte/gtx-1650-gaming/gtx-1650-gaming-228x228.jpg,https://www.startech.com.bd/gigabyte-geforce-gtx-1650-gaming-graphics-card,"20,400৳",Gigabyte GeForce GTX 1650 GAMING OC 4GB Graphics Card
https://www.startech.com.bd/image/cache/catalog/graphics-card/zotac/geforce-rtx-2060/geforce-rtx-2060-228x228.jpg,https://www.startech.com.bd/zotac-geforce-rtx-2060-graphics-card,"33,500৳",ZOTAC GAMING GeForce RTX 2060 6GB GDDR6 Twin Fan Graphics Card
https://www.startech.com.bd/image/cache/catalog/graphics-card/gigabyte/rtx-2060/rtx-2060-228x228.jpg,https://www.startech.com.bd/gigabyte-rtx-2060-windforce-6gb-graphics-card,"38,000৳",Gigabyte GeForce RTX 2060 WINDFORCE OC 6G Graphics Card
https://www.startech.com.bd/image/cache/catalog/component/graphics-card/zotac/gaming/geforce-rtx-2070/rtx-2070-1-228x228.jpg,https://www.startech.com.bd/zotac-gaming-rtx-2070-extreme-graphics-card,"57,000৳",Zotac Gaming Geforce RTX2070 SUPER AMP Extreme 8GB GDDR6 Graphics Card
https://www.startech.com.bd/image/cache/catalog/graphics-card/gigabyte/rtx-2060-pro-6gb/rtx-2060-pro-6gb-228x228.jpg,https://www.startech.com.bd/gigabyte-rtx-2060-oc-pro-6g-graphics-card,"38,200৳",Gigabyte GeForce RTX 2060 Gaming OC Pro 6G Graphics Card
https://www.startech.com.bd/image/cache/catalog/graphics-card/msi/geforce-gtx-1650/geforce-gtx-1650-1-228x228.jpg,https://www.startech.com.bd/msi-geforce-gtx-1650-gaming-x-4g-graphics-card,"18,200৳",MSI GeForce GTX 1650 GAMING X 4G Graphics Card
https://www.startech.com.bd/image/cache/catalog/graphics-card/gigabyte/rtx-2060-super-oc/rtx-2060-super-oc-1-228x228.jpg,https://www.startech.com.bd/gigabyte-geforce-rtx-2060-super-oc-8gb-graphics-card,"44,000৳",Gigabyte GeForce RTX 2060 Super Gaming OC 8GB Graphics Card
https://www.startech.com.bd/image/cache/catalog/graphics-card/gigabyte/2070-windforce/windforce-228x228.jpg,https://www.startech.com.bd/gigabyte-rtx-2070-windforce-8gb-graphics-card,"52,000৳",Gigabyte GeForce RTX 2070 Windforce 8GB GDDR6 Graphics Card
https://www.startech.com.bd/image/cache/catalog/Component/graphics card/asus/rx-570-oc-4g/asus-strix-570-oc-4g-228x228.jpg,https://www.startech.com.bd/asus-rog-strix-rx570-oc-4g-graphics-card,"21,800৳",Asus Rog Strix RX570 OC edition 4GB GDDR5 Graphics Card
https://www.startech.com.bd/image/cache/catalog/graphics-card/gigabyte/rtx-2070-8g/rtx-2070-8g-1-228x228.jpg,https://www.startech.com.bd/gigabyte-geforce-rtx-2070-8g-graphics-card,"56,500৳",Gigabyte GeForce RTX 2070 Gaming OC White 8G GDDR6 Graphics Card
https://www.startech.com.bd/image/cache/catalog/component/graphics-card/gigabyte/aorus-geforce/rtx-2080/rtx-2080-1-228x228.jpg,https://www.startech.com.bd/gigabyte-aorus-geforce-rtx-2080-graphics-card,"84,000৳",Gigabyte Aorus Geforce Rtx 2080 Super 8GB Graphics Card
https://www.startech.com.bd/image/cache/catalog/graphics-card/gigabyte/rtx-2080-ti/rtx-2080-ti-1-228x228.jpg,https://www.startech.com.bd/gigabyte-aorus-geforce-rtx-2080-ti-graphics-card,"116,000৳",Gigabyte AORUS GeForce RTX 2080 Ti XTREME 11G Graphics Card
https://www.startech.com.bd/image/cache/catalog/graphics-card/galax/galax-gtx-1660-6gb-ddr5-graphics-card/galax-gtx-1660-6gb-ddr5-graphics-card-228x228.jpg,https://www.startech.com.bd/galax-gtx-1660-6gb-ddr5-graphics-card,"21,200৳",GALAX GeForce GTX 1660 (1-Click OC) 6GB GDDR5 192-bit Graphics Card
https://www.startech.com.bd/image/cache/catalog/graphics-card/msi/1660-ventus/1660-ventus-228x228.jpg,https://www.startech.com.bd/msi-gtx1660-ventus-xs-6g-oc-graphics-card,"23,500৳",MSI GeForce GTX 1660 VENTUS XS 6G OC GDDR5 Graphics Card
https://www.startech.com.bd/image/cache/catalog/graphics-card/msi/geforce-gtx-1660-gaming-x-6g/gtx-1660-gaming-x-6g-001-228x228.jpg,https://www.startech.com.bd/msi-geforce-gtx-1660-gaming-x-6g-graphics-card,"25,800৳",MSI GeForce GTX 1660 GAMING X 6G Graphics Card
https://www.startech.com.bd/image/cache/catalog/graphics-card/galax/1060ti/1060ti-228x228.jpg,https://www.startech.com.bd/galax-gtx-1660ti-6gb-graphics-card,"27,500৳",GALAX GeForce GTX 1660 Ti (1-Click OC) 6GB GDDR6 Graphics Card
https://www.startech.com.bd/image/cache/catalog/graphics-card/msi/ventus-xs-6gb-oc/ventus-xs-228x228.jpg,https://www.startech.com.bd/msi-gtx-1660-ti-ventus-xs-6g-oc-Graphics-card,"28,200৳",MSI GeForce GTX 1660 Ti VENTUS XS 6G OC Graphics Card
https://www.startech.com.bd/image/cache/catalog/graphics-card/msi/geforce-gtx-1660-ti-gaming-x-6g/gtx-1660-ti-gaming-x-6g-1-228x228.jpg,https://www.startech.com.bd/msi-geforce-gtx-1660-ti-gaming-x-6g-graphics-card,"33,400৳",MSI GeForce GTX 1660 Ti GAMING X 6G Graphics Card
https://www.startech.com.bd/image/cache/catalog/graphics-card/galax/rtx-2060ex/rtx-2060-228x228.jpg,https://www.startech.com.bd/galax-rtx2060ex-graphics-card,"33,500৳",GALAX RTX 2060EX (1 Click OC) 6GB GDDR6 Graphics Card
https://www.startech.com.bd/image/cache/catalog/graphics-card/msi/rtx-2060/rtx-2060-228x228.jpg,https://www.startech.com.bd/msi-rtx-2060-ventus-xs6-oc-graphics-card,"37,800৳",MSI GeForce RTX 2060 VENTUS XS 6G OC Graphics Card
https://www.startech.com.bd/image/cache/catalog/graphics-card/asus/turbo-2060/turbo-2060-228x228.jpg,https://www.startech.com.bd/asus-turbo-rtx-2060-6g-graphics-card,"41,800৳",Asus Turbo GeForce RTX 2060 6GB GDDR6 Graphics Card
https://www.startech.com.bd/image/cache/catalog/graphics-card/galax/galax-rtx-2060-super-ex-8gb-graphics-card /galax-rtx-2060-super-ex-8gb-graphics-card-228x228.jpg,https://www.startech.com.bd/galax-rtx-2060-super-ex-8gb-graphics-card,"39,000৳",GALAX GeForce RTX 2060 Super EX (1-Click OC) 8GB GDDR6 256-bit Graphics Card
https://www.startech.com.bd/image/cache/catalog/graphics-card/galax/2070-super/2070-super-228x228.jpg,https://www.startech.com.bd/galax-rtx2070-super-ex-8gb-graphics-card,"51,500৳",GALAX GeForce RTX 2070 Super EX (1-Click OC) 8GB GDDR6 Graphics Card
https://www.startech.com.bd/image/cache/catalog/graphics-card/msi/rtx-2070-ventus/2070-ventus-228x228.jpg,https://www.startech.com.bd/msi-rtx-2070-ventus-8g-graphics-card,"55,900৳",MSI GeForce RTX 2070 VENTUS 8G Graphics Card
https://www.startech.com.bd/image/cache/catalog/graphics-card/asus/radeon-vii/radeon-vii-01-228x228.jpg,https://www.startech.com.bd/asus-radeon-vii-16gb-dp-hdmi-amd-graphics-card,"75,000৳",ASUS Radeon VII 16GB DP HDMI AMD Graphics Card
https://www.startech.com.bd/image/cache/catalog/graphics-card/msi/rtx-2080-ventus-8g-graphics/rtx-2080-228x228.jpg,https://www.startech.com.bd/msi-rtx-2080-ventus-8g-v2-graphics-card,"77,500৳",MSI GeForce RTX 2080 VENTUS 8G V2 Graphics Card
https://www.startech.com.bd/image/cache/catalog/graphics-card/galax/2080ti-hof/2080ti-hof-228x228.jpg,https://www.startech.com.bd/galax-rtx-2080ti-hof-11gb-graphics-card,"148,000৳",GALAX GeForce RTX 2080Ti HOF 11GB GDDR6 Graphics Card
https://www.startech.com.bd/image/cache/catalog/graphics-card/galax/galax-1030/galax-1030-228x228.png,https://www.startech.com.bd/galax-geforce-gt-1030-graphics-card,"7,800৳",GALAX GeForce GT 1030 2GB DDR4 Graphics Card
https://www.startech.com.bd/image/cache/catalog/graphics-card/galax/galax-1050-exoc/1050-exoc-228x228.jpg,https://www.startech.com.bd/galax-gtx-1050-exoc-2gb-graphics-card,"13,400৳",Galax Geforce Gtx 1050 Exoc 2GB DDR5 Graphics Card
https://www.startech.com.bd/image/cache/catalog/graphics-card/asrock/rx560-4gb/rx560-4gb-228x228.jpg,https://www.startech.com.bd/phantom-rx560-4g-graphics-card,"14,000৳",ASRock Phantom Gaming Radeon RX560 4GB GDDR5 Graphics Card
https://www.startech.com.bd/image/cache/catalog/graphics-card/galax/1050-ti-exoc-graphics-card/1050-ti-exoc-1-228x228.jpg,https://www.startech.com.bd/galax-gtx-1050-ti-exoc-graphics-card,"15,800৳",GALAX GeForce® GTX 1050 Ti EXOC 4 GB DDR5 graphics Card
https://www.startech.com.bd/image/cache/catalog/graphics-card/galax/1050-ti-exoc-graphics-card/1050exoc-white-228x228.jpg,https://www.startech.com.bd/galax-geforce-gtx-1050-ti-exoc-white-graphics-card,"15,800৳",GALAX GeForce® GTX 1050 Ti EXOC White 4GB DDR5 Graphics Card
https://www.startech.com.bd/image/cache/catalog/graphics-card/galax/1050-ti-oc/1050-ti-oc-228x228.jpg,https://www.startech.com.bd/galax-gtx-1050-ti-oc-graphics-card,"16,500৳",GALAX GeForce® GTX 1050 Ti OC DDR5 4 GB Graphics Card
https://www.startech.com.bd/image/cache/catalog/graphics-card/galax/1060-ex-oc/1060-white-228x228.jpg,https://www.startech.com.bd/galax-gtx1660-ex-1-click-oc-graphics-card,"22,800৳",Galax GeForce GTX 1660 EX (1-Click OC) 6GB GDDR5 Graphics Card
https://www.startech.com.bd/image/cache/catalog/graphics-card/asrock/rx590-8g-oc/phantom-gaming-x-radeon-rx590-8g-oc-1-228x228.jpg,https://www.startech.com.bd/asrock-phantom-gaming-x-radeon-rx590-8g-oc-graphics-card,"23,500৳",ASRock Phantom Gaming X Radeon RX590 8G OC Graphics Card
https://www.startech.com.bd/image/cache/catalog/graphics-card/galax/1060-oc-6gb/1060-oc-6gb-228x228.jpg,https://www.startech.com.bd/galax-gtx-1060-oc-graphics-card,"27,500৳",Galax GeForce GTX 1060 OC 6GB GDDR5X Graphics Card
https://www.startech.com.bd/image/cache/catalog/graphics-card/galax/1660-ti-ex-oc/1060ti-white-228x228.jpg,https://www.startech.com.bd/galax-gtx-1660-ti-ex-1-click-oc-graphics-card,"27,500৳",GALAX GeForce GTX 1660 Ti EX (1-Click OC) 6GB GDDR6 Graphics Card (White)
https://www.startech.com.bd/image/cache/catalog/graphics-card/galax/1060-exoc-white/1060-white-228x228.jpg,https://www.startech.com.bd/galax-geforce-gtx-1060-exoc-graphics-card,"28,500৳",GALAX GeForce GTX 1060 EXOC White 6GB GDDR5/X Graphics Card
https://www.startech.com.bd/image/cache/catalog/graphics-card/asrock/rx580-8g/rx580-8g-oc-228x228.jpg,https://www.startech.com.bd/phantom-gxr-rx580-8g-oc-graphics-card,"32,000৳",ASRock Phantom Gaming X Radeon RX580 8G OC Graphics Card
https://www.startech.com.bd/image/cache/catalog/graphics-card/asus/dual-rtx-2060-o6g/dual-rtx-2060-o6g-228x228.jpg,https://www.startech.com.bd/asus-dualL-rtx-2060-o6g-graphics-card,"46,900৳",Asus Dual GeForce RTX 2060 OC edition 6GB GDDR6 Graphics Card
https://www.startech.com.bd/image/cache/catalog/graphics-card/galax/1070ti-8gb-hof/hof-gtx-1070ti-1-228x228.jpg,https://www.startech.com.bd/galax-geforce-gtx-1070-ti-hof-graphics-card,"50,500৳",GALAX GeForce GTX 1070 Ti HOF 8 GB GDDR5/X Graphics Card
https://www.startech.com.bd/image/cache/catalog/graphics-card/asus/2060-o6g/2060-o6g-228x228.jpg,https://www.startech.com.bd/asus0rog-strix-rtx2060-o6g-graphics-card,"50,000৳",Asus ROG Strix GeForce RTX 2060 OC edition 6GB GDDR6 Graphics Card
https://www.startech.com.bd/image/cache/catalog/graphics-card/galax/2070/galax-8gb-2070-228x228.jpg,https://www.startech.com.bd/galax-rtx-2070-ex-8gb-graphics-card,"54,500৳",GALAX GeForce RTX 2070 EX (1-Click OC) 8GB GDDR6 Graphics Card
https://www.startech.com.bd/image/cache/catalog/graphics-card/galax/1080-snipper/galax-gtx1080-sniper-228x228.jpg,https://www.startech.com.bd/galax-gtx-1080-exoc-snpr-8gb-graphics-card,"67,000৳",GALAX GeForce® GTX 1080 EXOC-SNPR WHITE 8GB GDDR5/X Graphics Card
https://www.startech.com.bd/image/cache/catalog/graphics-card/galax/2080ex-oc/2080ex-oc-228x228.jpg,https://www.startech.com.bd/galax-rtx-2080-ex-1-click-oc-8g-graphics-card,"75,000৳",GALAX GeForce RTX 2080 EX (1-Click OC) 8GB GDDR6 Graphics Card
https://www.startech.com.bd/image/cache/catalog/graphics-card/galax/rtx-2080-super-ex/rtx-2080-super-ex-1-228x228.jpg,https://www.startech.com.bd/galax-geforce-rtx-2080-super-ex-8gb-graphics-card,"76,500৳",GALAX GeForce RTX 2080 Super EX (1-Click OC) 8GB GDDR6 Graphics Card
https://www.startech.com.bd/image/cache/catalog/graphics-card/galax/2080-oc-8gb/2080-oc-228x228.jpg,https://www.startech.com.bd/galax-rtx-2080-oc-8gb-graphics-card,"80,000৳",GALAX GeForce RTX 2080 OC 8GB GDDR6 Graphics Card
https://www.startech.com.bd/image/cache/catalog/graphics-card/galax/rtx-2080ti-sg-1clickoc/rtx-2080ti-sg-1clickoc-5-228x228.jpg,https://www.startech.com.bd/galax-rtx-2080ti-sg-11g-graphics-card,"108,000৳",GALAX GeForce RTX 2080Ti SG (1-Click OC) 11GB GDDR6 Graphics Card
https://www.startech.com.bd/image/cache/catalog/graphics-card/msi/rx-570-armor/armor-228x228.jpg,https://www.startech.com.bd/msi-radeon-rx570armor-4g-oc-graphics-card,"12,900৳",MSI Radeon RX 570 ARMOR 4G OC GDDR5 Graphics Card
https://www.startech.com.bd/image/cache/catalog/laptop/lenovo/ip-320/lenovo-ideapad-320-228x228.jpg,https://www.startech.com.bd/lenovo-ip320-8th-gen-i7-laptop,"57,000৳","Lenovo IP320 8th Gen Core i7 15.6"" HD Laptop with 2GB Graphics Card"
https://www.startech.com.bd/image/cache/catalog/laptop-notebook/lenovo/lenovo 320/lenovo-ip320-228x228.png,https://www.startech.com.bd/lenovo-ip320-core-i3-6th-gen,"33,500৳","Lenovo IP320 Core i3 6th Gen 15.6"" HD Laptop with Graphics Card"
https://www.startech.com.bd/image/cache/catalog/graphics-card/asus/rx590-strix/rx590-5-228x228.jpg,https://www.startech.com.bd/asus-rog-strix-radeon-rx590-8gb-graphics-card,"30,000৳",Asus ROG Strix Radeon RX 590 8GB GDDR5 Graphics Card
https://www.startech.com.bd/image/cache/catalog/laptop/apple/macbook-pro/macbook-pro2017-1-228x228.jpg,https://www.startech.com.bd/apple-macbook-pro-mptt2hn-a-2017,"235,000৳","Apple Macbook Pro 15.4 inch Core i7, 16GB Ram, 512GB SSD Retina Display, with Dedicated Graphics Card & Touch Bar, MPTT2LL/A (2017)"
